id,name,age,dob
1,Allis,24,1998-05-15
2,Gwyneth,36,1986-12-28
3,Sashenka,49,1973-09-20
4,John Doe,30,1992-03-10
5,Jane Smith,25,1997-07-02
6,Michael Johnson,40,1982-11-18
7,Emily Brown,28,1994-08-05
8,Christopher Lee,33,1989-02-14
9,Ava Wilson,22,2000-10-30
10,Jacob Martinez,45,1977-06-25
11,Sophia Taylor,27,1995-04-17
12,Matthew Clark,38,1984-01-22
13,Mr Olivia Smith,31,1991-08-12
14,William Hill,29,1993-11-09
15,Emma Thomas,41,1981-07-23
16,Daniel Garcia,26,1996-02-09
17,Isabella Rodriguez,34,1988-10-15
18,David Martinez,37,1985-12-03
19,Charlotte Anderson,23,1999-06-07
20,Ethan Hernandez,39,1983-09-28
